{"cameraMode":{"drawMode":0,"name":"Shaded","section":"Shading Mode"},"sceneLighting":true,"audioPlay":false,"sceneViewState":{"m_AlwaysRefresh":false,"showFog":true,"showSkybox":true,"showFlares":true,"showImageEffects":true,"showParticleSystems":true,"showVisualEffectGraphs":true,"m_FxEnabled":true},"in2DMode":false,"pivot":{"x":-0.07742118835449219,"y":-0.3309069871902466,"z":3.7732114791870119},"rotation":{"x":-0.03626581281423569,"y":-0.0380585752427578,"z":0.0013804819900542498,"w":-0.9986242651939392},"size":7.97022819519043,"orthographic":false}