{"cameraMode":{"drawMode":0,"name":"Shaded","section":"Shading Mode"},"sceneLighting":false,"audioPlay":false,"sceneViewState":{"m_AlwaysRefresh":false,"showFog":true,"showSkybox":true,"showFlares":true,"showImageEffects":true,"showParticleSystems":true,"showVisualEffectGraphs":true,"m_FxEnabled":true},"in2DMode":false,"pivot":{"x":1.3724493980407715,"y":-1.1011409759521485,"z":0.6114251613616943},"rotation":{"x":0.19067038595676423,"y":-0.8006993532180786,"z":0.33050933480262759,"w":0.4618445336818695},"size":4.443575859069824,"orthographic":false}