{"cameraMode":{"drawMode":0,"name":"Shaded","section":"Shading Mode"},"sceneLighting":true,"audioPlay":false,"sceneViewState":{"m_AlwaysRefresh":false,"showFog":true,"showSkybox":true,"showFlares":true,"showImageEffects":true,"showParticleSystems":true,"showVisualEffectGraphs":true,"m_FxEnabled":true},"in2DMode":false,"pivot":{"x":-0.45905041694641116,"y":-4.42988920211792,"z":0.22983765602111817},"rotation":{"x":0.6877586245536804,"y":0.0010889009572565556,"z":-0.0010316475527361036,"w":0.7259376049041748},"size":10.422991752624512,"orthographic":true}