{"cameraMode":{"drawMode":0,"name":"Shaded","section":"Shading Mode"},"sceneLighting":true,"audioPlay":false,"sceneViewState":{"m_AlwaysRefresh":false,"showFog":true,"showSkybox":true,"showFlares":true,"showImageEffects":true,"showParticleSystems":true,"showVisualEffectGraphs":true,"m_FxEnabled":true},"in2DMode":false,"pivot":{"x":-0.30000001192092898,"y":1.8428621292114258,"z":0.6312603950500488},"rotation":{"x":-0.016382206231355668,"y":0.9783346652984619,"z":-0.08533386886119843,"w":-0.1880446821451187},"size":0.8660253882408142,"orthographic":true}