{"cameraMode":{"drawMode":0,"name":"Shaded","section":"Shading Mode"},"sceneLighting":false,"audioPlay":false,"sceneViewState":{"m_AlwaysRefresh":false,"showFog":true,"showSkybox":true,"showFlares":true,"showImageEffects":true,"showParticleSystems":true,"showVisualEffectGraphs":true,"m_FxEnabled":true},"in2DMode":false,"pivot":{"x":4.807520389556885,"y":6.126034736633301,"z":-4.836157321929932},"rotation":{"x":-0.0061771259643137459,"y":-0.9919288754463196,"z":-0.053633298724889758,"w":0.11477746814489365},"size":4.443575859069824,"orthographic":false}