{"cameraMode":{"drawMode":0,"name":"Shaded","section":"Shading Mode"},"sceneLighting":true,"audioPlay":false,"sceneViewState":{"m_AlwaysRefresh":false,"showFog":true,"showSkybox":true,"showFlares":true,"showImageEffects":true,"showParticleSystems":true,"showVisualEffectGraphs":true,"m_FxEnabled":true},"in2DMode":false,"pivot":{"x":-0.4067535400390625,"y":1.4772143363952637,"z":0.47955358028411868},"rotation":{"x":0.07763192057609558,"y":-0.8288397192955017,"z":0.11891984939575196,"w":0.5411353707313538},"size":6.7096147537231449,"orthographic":false}